payment_id,user_id,payment_date,amount,payment_status
1,134,21-08-2024,3192.08,Failed
2,252,10-01-2024,2046.64,Pending
3,15,20-01-2024,4683.21,Failed
4,230,03-03-2023,3821.2,Failed
5,282,29-07-2024,4196.83,Failed
6,110,06-02-2024,306.94,Failed
7,107,06-06-2024,2495.97,Pending
8,247,29-08-2024,2508.09,Success
9,64,22-04-2023,3770.79,Pending
10,186,29-11-2023,821.57,Pending
11,46,23-01-2024,1018.66,Success
12,32,01-11-2024,3378.89,Failed
13,230,13-07-2023,2293.81,Success
14,249,07-09-2023,3334.14,Success
15,76,24-07-2023,3021.54,Success
16,107,04-05-2023,3108.96,Failed
17,157,04-07-2024,681.35,Pending
18,244,01-04-2023,988.04,Pending
19,206,15-01-2023,688.9,Pending
20,63,06-04-2023,3995.25,Success
21,291,10-08-2024,4647.88,Pending
22,167,12-07-2023,3702.08,Success
23,181,09-01-2023,4314.32,Success
24,81,04-05-2024,297.4,Pending
25,266,30-09-2023,3031.73,Success
26,100,02-11-2024,3594.36,Failed
27,224,09-10-2024,2077.42,Success
28,268,09-06-2024,162.77,Pending
29,95,06-09-2023,3595.13,Success
30,288,28-09-2023,2755.84,Pending
31,236,12-05-2024,1130.21,Pending
32,23,04-07-2023,4058.71,Pending
33,101,09-12-2024,1050.84,Failed
34,126,20-09-2024,760.97,Failed
35,23,13-10-2024,4241.94,Pending
36,113,10-06-2024,3262.11,Failed
37,65,04-04-2024,4161.04,Success
38,63,06-12-2023,3376.4,Success
39,211,08-02-2024,640.96,Success
40,139,17-02-2024,1048.12,Failed
41,37,17-09-2024,2228,Success
42,234,20-02-2023,1177.78,Pending
43,21,15-08-2024,3607.37,Failed
44,171,18-08-2023,2997.61,Pending
45,178,26-03-2024,2259.15,Pending
46,108,04-06-2024,4371.41,Success
47,35,19-05-2024,3538.29,Pending
48,79,03-08-2024,3783.9,Failed
49,190,02-07-2023,771.36,Pending
50,287,24-12-2024,2104.79,Success
51,9,09-07-2023,2242.23,Failed
52,77,13-11-2024,3268.35,Failed
53,246,22-04-2023,4819.68,Pending
54,205,15-06-2023,2732.95,Success
55,59,08-07-2024,3478.16,Failed
56,94,23-03-2024,3052.32,Success
57,213,03-04-2024,725.56,Pending
58,79,03-12-2023,1149.45,Success
59,59,27-03-2023,3992.02,Failed
60,130,03-11-2024,2374.27,Success
61,62,13-05-2024,4729.54,Pending
62,118,05-08-2023,570.49,Pending
63,214,12-01-2024,4655.43,Success
64,179,15-01-2023,495.14,Success
65,110,28-07-2023,2352.83,Pending
66,218,24-06-2024,1202.29,Success
67,195,09-02-2023,409.79,Success
68,227,10-06-2023,4395.55,Success
69,195,18-03-2023,2741.31,Pending
70,163,26-01-2024,4326.59,Failed
71,209,25-04-2023,4990.33,Pending
72,288,01-06-2024,309.21,Failed
73,111,27-11-2024,1455.82,Failed
74,278,24-03-2024,4714.99,Success
75,33,06-08-2023,2403.11,Pending
76,25,07-12-2024,3456.54,Success
77,3,04-11-2024,4661.6,Failed
78,239,13-08-2024,3405.92,Failed
79,105,03-01-2023,2208.75,Pending
80,170,29-07-2024,2894.37,Pending
81,151,28-12-2024,4234.98,Failed
82,132,18-08-2023,3221.31,Failed
83,173,25-03-2023,3292.46,Success
84,67,21-04-2023,3058.66,Success
85,53,25-05-2024,285.57,Success
86,51,31-08-2023,196.99,Failed
87,37,13-04-2023,3434.72,Pending
88,177,21-03-2024,564.12,Failed
89,269,10-03-2023,3593.31,Success
90,32,05-06-2023,4261.5,Success
91,289,09-11-2024,4252.97,Failed
92,25,27-02-2024,4078.2,Success
93,206,26-07-2023,287.57,Failed
94,150,29-03-2023,1470.67,Failed
95,184,30-08-2024,1272.98,Failed
96,264,19-11-2023,2364.78,Failed
97,46,07-12-2023,4252.35,Failed
98,181,13-07-2023,2325.98,Failed
99,155,10-05-2024,4251.22,Failed
100,101,13-10-2023,2960.92,Success
101,263,22-07-2023,1893.78,Pending
102,243,07-04-2024,556.3,Failed
103,55,25-07-2023,1688.5,Success
104,34,01-06-2024,3041.42,Failed
105,91,17-06-2023,859.61,Failed
106,75,21-05-2024,190.66,Pending
107,34,05-05-2024,3432.57,Success
108,78,30-10-2023,3309.35,Failed
109,15,08-09-2023,1829.94,Failed
110,104,12-02-2023,3783.91,Pending
111,67,18-05-2024,867.44,Pending
112,54,12-02-2024,1841.73,Failed
113,36,28-04-2024,1728.92,Failed
114,213,01-06-2024,3908.51,Failed
115,298,14-06-2024,2646.41,Failed
116,211,21-03-2023,3560.58,Failed
117,184,16-06-2023,4625.07,Success
118,64,14-05-2023,2825.65,Success
119,176,28-03-2023,2836.36,Failed
120,194,15-11-2024,2866.68,Failed
121,264,05-11-2024,834.83,Pending
122,102,19-06-2024,725.24,Success
123,44,13-01-2024,1697.13,Failed
124,150,16-09-2023,734.37,Failed
125,263,09-07-2024,4950.02,Success
126,35,20-08-2023,1747.45,Failed
127,193,06-10-2023,4763.32,Success
128,115,31-12-2024,773.7,Failed
129,169,02-01-2025,611.93,Failed
130,215,07-10-2024,3613.33,Pending
131,29,13-08-2023,273.03,Pending
132,168,21-04-2023,989.48,Pending
133,38,18-10-2024,2507.7,Failed
134,158,08-06-2023,2503.63,Success
135,121,20-11-2023,1744.41,Success
136,287,25-11-2024,3991.63,Pending
137,222,20-09-2023,400.68,Failed
138,8,29-04-2024,2328.96,Success
139,64,22-07-2023,4139.03,Success
140,208,23-03-2023,451.96,Success
141,152,11-06-2024,734.86,Pending
142,63,09-01-2024,859.01,Pending
143,270,04-02-2024,4770.14,Pending
144,58,21-05-2024,4897.02,Success
145,224,14-06-2024,2504.22,Failed
146,84,02-06-2024,1507.79,Pending
147,26,05-01-2023,502.68,Success
148,119,25-12-2023,440.24,Success
149,274,12-07-2024,295.15,Pending
150,261,12-01-2024,4590.13,Success
151,180,20-01-2023,4044.29,Pending
152,237,28-10-2024,144.97,Pending
153,73,16-04-2024,2693.42,Success
154,204,10-03-2024,3653.55,Failed
155,238,12-02-2023,4412.66,Success
156,300,05-11-2023,1335.87,Failed
157,127,04-08-2024,3963.29,Pending
158,278,21-09-2024,4243.12,Success
159,16,12-02-2023,2767.67,Pending
160,200,05-01-2024,2878.16,Success
161,94,24-01-2024,406.26,Success
162,65,27-12-2023,655.83,Failed
163,250,23-06-2023,2852.15,Pending
164,24,12-01-2023,2392.65,Failed
165,96,22-08-2023,1028.17,Success
166,159,28-03-2023,332.11,Success
167,59,31-12-2024,4357.49,Pending
168,107,04-12-2023,1763.9,Pending
169,221,26-06-2024,246.55,Failed
170,34,28-07-2024,4444.34,Failed
171,20,18-07-2023,2134.29,Failed
172,7,23-01-2023,4278.79,Pending
173,190,30-07-2024,669.45,Failed
174,33,26-06-2024,3194.01,Success
175,107,08-06-2024,4059.65,Failed
176,206,18-08-2024,317.38,Pending
177,263,29-03-2023,3491.69,Failed
178,256,18-05-2024,4906.14,Failed
179,236,20-05-2024,1733.48,Success
180,206,14-09-2024,1254.05,Success
181,170,05-01-2023,3631.01,Failed
182,184,06-11-2024,3247.34,Pending
183,95,11-04-2023,2004.82,Pending
184,289,11-04-2023,489.4,Success
185,32,06-02-2023,2875.3,Failed
186,2,05-01-2024,4115.7,Success
187,72,07-06-2023,1664.97,Failed
188,278,24-09-2024,4891.14,Failed
189,110,08-05-2024,304.36,Failed
190,284,28-08-2024,3470.17,Failed
191,279,11-11-2023,2571.72,Pending
192,75,11-09-2023,3662.27,Success
193,265,23-04-2024,2807.65,Failed
194,295,08-09-2024,1746.14,Pending
195,27,04-11-2023,1562.76,Pending
196,87,15-06-2023,2692.39,Failed
197,195,02-02-2024,3686.18,Success
198,83,07-08-2023,4299.96,Pending
199,62,26-01-2023,2835.91,Pending
200,13,05-08-2023,4550.9,Pending
201,194,05-01-2023,259.13,Pending
202,56,20-03-2023,2814.03,Pending
203,87,28-11-2024,1716.08,Success
204,153,08-05-2024,528.14,Failed
205,148,27-10-2023,537.64,Success
206,258,13-04-2023,3000.09,Failed
207,123,23-08-2024,3192.29,Success
208,160,24-07-2024,4138.94,Pending
209,279,30-03-2024,2429.04,Pending
210,56,25-09-2023,4522.14,Pending
211,106,14-09-2024,3179.96,Success
212,94,03-06-2023,1786.21,Success
213,281,24-12-2024,2813.3,Success
214,199,15-03-2023,623.21,Failed
215,223,05-05-2023,1153.95,Failed
216,250,15-01-2023,1841.71,Pending
217,245,04-11-2024,3177.38,Failed
218,7,03-10-2023,2498.81,Pending
219,70,22-10-2023,2443.04,Failed
220,195,03-06-2024,4692.64,Pending
221,112,23-06-2023,4749.85,Pending
222,2,24-03-2023,3805.92,Failed
223,263,11-04-2023,291.75,Success
224,57,06-05-2024,2820.89,Success
225,150,28-10-2023,1288.86,Failed
226,37,18-01-2024,905.82,Success
227,279,14-11-2023,1771.87,Success
228,282,17-01-2024,4447.6,Failed
229,263,29-07-2024,576.01,Pending
230,161,18-06-2023,3078.94,Success
231,91,21-01-2024,1893.44,Pending
232,178,09-09-2024,2228.48,Failed
233,273,03-03-2024,4989.69,Success
234,17,20-09-2024,1650.72,Failed
235,157,03-11-2023,4052.27,Failed
236,138,03-06-2024,2486.88,Pending
237,29,19-03-2023,3489.1,Pending
238,61,12-02-2024,4865.01,Pending
239,221,18-04-2024,2109.97,Success
240,213,25-02-2024,3992.78,Success
241,269,07-09-2024,744.97,Failed
242,132,11-10-2023,909.1,Pending
243,102,31-12-2024,1640.92,Success
244,44,05-05-2024,1192.88,Pending
245,103,06-07-2024,1715.26,Success
246,250,06-03-2023,2071.37,Pending
247,6,27-10-2023,4540.71,Success
248,139,14-11-2024,1492.96,Pending
249,203,14-02-2023,1857.18,Failed
250,189,28-02-2024,2526.11,Success
251,162,05-09-2023,2646.75,Failed
252,80,11-06-2023,820.17,Failed
253,35,03-08-2024,4180.35,Pending
254,256,22-08-2023,4393.54,Success
255,92,17-09-2023,2693.4,Failed
256,66,05-08-2024,4315.51,Failed
257,65,08-08-2024,4163.8,Success
258,263,30-11-2024,829.55,Pending
259,218,26-08-2023,502.63,Failed
260,217,26-04-2024,2132.62,Pending
261,271,14-07-2024,485.63,Failed
262,182,10-04-2024,2843.73,Success
263,300,26-03-2024,4529.17,Success
264,17,28-05-2023,3406.1,Failed
265,295,12-03-2023,2490.55,Failed
266,274,01-08-2024,4408.22,Failed
267,265,11-03-2023,3163.48,Success
268,12,31-03-2023,575.54,Failed
269,202,10-10-2024,2165.59,Failed
270,169,09-10-2023,4436.74,Failed
271,56,19-08-2023,927.45,Success
272,121,21-05-2023,4131.73,Success
273,176,22-09-2024,268.9,Success
274,126,06-04-2023,641.91,Failed
275,53,05-01-2024,3857.96,Success
276,253,13-03-2023,2465.84,Success
277,244,28-07-2024,3856.15,Success
278,215,15-11-2023,2607.87,Pending
279,274,15-08-2024,554.81,Success
280,87,02-08-2023,345.44,Failed
281,134,02-03-2023,3919.53,Pending
282,267,12-04-2023,1202.18,Failed
283,182,16-10-2023,2967.36,Failed
284,153,29-01-2023,3171.09,Pending
285,1,17-07-2024,2608.5,Pending
286,189,14-12-2024,4845.22,Pending
287,8,24-08-2023,1975.78,Failed
288,101,31-08-2024,4434.05,Pending
289,165,18-05-2024,3977.23,Success
290,120,20-12-2023,1312.01,Success
291,292,08-05-2023,4382.48,Failed
292,147,16-01-2024,3340.42,Pending
293,211,17-09-2023,326.88,Success
294,101,18-06-2024,2906.44,Success
295,67,30-03-2023,2495.47,Failed
296,24,13-02-2024,1962.09,Failed
297,90,17-12-2023,1073.39,Failed
298,170,12-01-2023,3380.65,Failed
299,201,03-05-2024,2796.8,Pending
300,117,06-06-2024,3168.69,Pending
301,300,12-12-2024,3633.03,Pending
302,24,29-11-2024,4163.62,Failed
303,68,22-07-2023,1621.99,Success
304,58,19-03-2024,2785.48,Success
305,201,26-09-2023,3943.78,Success
306,69,03-01-2025,3774.83,Pending
307,101,15-09-2024,448.15,Failed
308,240,17-10-2024,371.45,Failed
309,232,06-06-2023,4490.6,Pending
310,172,01-07-2023,1352.76,Success
311,39,09-03-2023,987.1,Success
312,100,12-12-2024,1423.97,Pending
313,67,30-05-2023,3173.43,Failed
314,153,22-01-2024,4345.45,Failed
315,109,16-06-2024,2341.9,Success
316,285,27-05-2024,3248.15,Pending
317,296,27-10-2023,3162.2,Success
318,234,10-08-2024,2185.2,Pending
319,55,27-06-2023,2020.15,Failed
320,292,29-03-2023,959.42,Failed
321,101,29-08-2024,839.02,Success
322,35,15-09-2024,1204.49,Failed
323,66,10-11-2023,4387.67,Success
324,66,02-05-2023,901.88,Failed
325,206,22-02-2023,3204.54,Pending
326,157,27-01-2024,1758.78,Pending
327,173,21-08-2023,2208.9,Failed
328,16,26-01-2023,4551.89,Pending
329,155,12-05-2024,3019.89,Failed
330,243,29-08-2024,2371.55,Pending
331,62,11-12-2024,490.83,Success
332,214,19-06-2023,2760.95,Failed
333,28,05-10-2023,215.78,Failed
334,141,19-10-2023,307.09,Success
335,218,09-04-2023,4506.13,Pending
336,72,06-07-2023,1193.21,Success
337,58,27-05-2024,4594.74,Failed
338,211,29-11-2023,3490.92,Success
339,81,28-07-2024,4079.63,Failed
340,211,31-03-2023,3217.35,Pending
341,276,14-06-2024,1648.9,Pending
342,255,20-01-2024,4274.12,Failed
343,156,01-11-2023,405.61,Failed
344,62,28-07-2024,2971.61,Pending
345,24,15-11-2023,4172.13,Success
346,36,16-01-2024,3878.04,Success
347,189,26-05-2024,2080.89,Success
348,235,16-02-2024,1998.46,Failed
349,90,13-08-2024,3009.45,Pending
350,204,27-05-2023,2937.9,Success
351,17,22-07-2024,950.96,Failed
352,154,10-08-2024,1216.07,Success
353,196,17-03-2024,4422.97,Failed
354,84,25-08-2023,1805.78,Success
355,103,20-12-2024,3453.9,Failed
356,290,01-02-2024,1803.78,Success
357,220,09-11-2023,3155.59,Success
358,256,27-01-2024,1148.93,Pending
359,112,25-07-2024,275.17,Pending
360,39,04-10-2024,2298.26,Failed
361,63,30-09-2023,3486.58,Pending
362,59,15-11-2023,3415.92,Failed
363,5,06-08-2023,3757.1,Pending
364,164,15-07-2024,3694.3,Failed
365,100,23-04-2024,1804.54,Pending
366,157,19-12-2024,367.73,Pending
367,279,07-11-2023,3146.85,Pending
368,275,06-05-2024,2599.85,Success
369,226,01-03-2023,3500.74,Success
370,253,23-08-2024,100.72,Failed
371,128,15-10-2024,4517.44,Failed
372,166,07-08-2023,712.14,Pending
373,56,30-11-2024,4275.04,Failed
374,144,17-09-2023,1169.36,Failed
375,196,14-10-2024,2083.59,Success
376,276,01-09-2024,1371.06,Success
377,189,07-09-2023,975.84,Success
378,12,15-03-2024,4849.65,Success
379,165,08-08-2024,4093.76,Failed
380,152,11-03-2023,310.6,Success
381,124,15-06-2024,820.31,Pending
382,136,01-02-2024,4390.39,Failed
383,239,16-06-2024,3869.59,Pending
384,15,19-03-2023,3116.39,Pending
385,24,26-04-2023,3759.57,Failed
386,142,29-03-2024,3894.88,Success
387,186,31-01-2023,3058.03,Failed
388,37,11-04-2023,1793.65,Failed
389,205,12-09-2023,136.73,Pending
390,53,29-05-2024,1948.82,Failed
391,216,12-11-2023,2068.76,Pending
392,180,27-10-2024,2221.24,Failed
393,100,08-11-2023,2501.43,Success
394,248,13-08-2023,4907.76,Failed
395,200,31-05-2023,3666.26,Pending
396,289,07-12-2023,354.87,Failed
397,97,25-03-2024,3743.13,Failed
398,225,17-09-2024,3809.08,Pending
399,253,16-04-2024,1512.27,Pending
400,209,27-09-2023,3341.35,Success
401,215,09-10-2024,3958.4,Pending
402,153,15-06-2024,3523.42,Failed
403,70,28-10-2024,4388.06,Failed
404,240,08-10-2024,1842.99,Success
405,207,06-02-2023,199.8,Success
406,66,13-10-2024,277.97,Success
407,124,10-02-2024,1269.24,Failed
408,163,12-02-2023,2316.31,Success
409,117,23-08-2024,865.58,Failed
410,70,11-05-2023,4943.82,Failed
411,184,07-02-2023,2001.47,Failed
412,268,28-10-2023,3281.56,Pending
413,169,11-09-2024,193.33,Pending
414,37,30-06-2024,4103.38,Success
415,239,28-08-2023,1890.27,Success
416,183,29-07-2023,1369.02,Success
417,14,16-06-2024,4151.72,Failed
418,46,03-12-2024,3154.22,Failed
419,197,05-12-2024,892.21,Pending
420,156,16-06-2024,3922.79,Pending
421,173,21-09-2024,4984.94,Success
422,64,30-01-2023,4252.83,Pending
423,265,07-12-2023,1053.15,Success
424,294,11-06-2023,4752.25,Pending
425,214,14-10-2023,3350.18,Failed
426,219,04-04-2024,179.88,Success
427,271,11-02-2023,1937.6,Success
428,245,10-05-2024,2001.05,Success
429,277,21-05-2024,3127.23,Failed
430,127,15-03-2023,2835.12,Failed
431,176,14-08-2023,2721.86,Failed
432,148,22-01-2023,2970.29,Failed
433,265,29-01-2024,877.26,Pending
434,29,08-04-2024,997.69,Pending
435,55,01-06-2024,682.2,Success
436,121,28-07-2024,2103.84,Pending
437,209,11-04-2023,4001.3,Failed
438,134,28-05-2023,3765.99,Success
439,299,12-10-2024,4197.43,Pending
440,121,27-01-2023,3726.41,Success
441,19,26-12-2023,1381.83,Failed
442,220,10-07-2024,4540.79,Pending
443,208,22-06-2024,3789.42,Pending
444,116,14-05-2024,2491.48,Success
445,61,22-05-2024,1554.98,Failed
446,206,16-09-2024,2607.11,Success
447,42,11-04-2023,655.73,Pending
448,119,13-11-2023,798.25,Success
449,172,28-01-2023,4918.28,Failed
450,240,19-09-2024,1219.15,Pending
451,108,12-01-2023,295.12,Pending
452,87,11-01-2024,978.44,Failed
453,72,19-11-2023,983.55,Pending
454,183,26-11-2024,4374.01,Success
455,138,31-01-2023,153.91,Success
456,52,10-10-2024,821.98,Success
457,277,11-04-2024,1445.07,Pending
458,99,12-06-2023,918.2,Failed
459,20,10-06-2024,2667.35,Failed
460,226,06-05-2023,4800.37,Success
461,232,29-03-2024,179.28,Pending
462,253,20-02-2024,3524.75,Success
463,169,04-03-2023,2701.19,Failed
464,71,05-11-2024,4540.8,Success
465,221,24-05-2023,4504.65,Success
466,44,17-03-2023,2297.9,Success
467,94,01-08-2023,2440.18,Pending
468,291,04-12-2023,1015.05,Pending
469,165,12-12-2024,2187.74,Failed
470,110,19-11-2024,4216.35,Pending
471,272,13-11-2023,2622.33,Success
472,56,10-11-2023,2748.76,Pending
473,211,02-02-2024,4689.29,Failed
474,4,09-09-2023,3673.05,Success
475,87,21-07-2024,4547.35,Pending
476,41,30-12-2024,4374.21,Failed
477,78,09-11-2024,1895.32,Failed
478,170,16-04-2024,2687.1,Failed
479,123,16-11-2024,3632.46,Success
480,42,17-10-2023,3706.27,Failed
481,294,11-03-2024,4407.6,Pending
482,14,29-12-2024,2089.45,Pending
483,175,19-02-2023,4310.53,Success
484,136,01-11-2023,839.11,Pending
485,4,12-06-2023,854.46,Pending
486,198,06-02-2023,245.61,Success
487,151,06-09-2024,4830.92,Failed
488,245,13-05-2024,3608.04,Success
489,282,12-10-2024,441,Failed
490,112,14-10-2023,4575.56,Success
491,283,04-02-2024,1311.62,Failed
492,154,19-10-2023,817.97,Success
493,154,01-09-2023,3921.32,Pending
494,251,08-11-2024,1013.04,Success
495,77,11-05-2023,2395.05,Failed
496,116,08-08-2023,691.89,Failed
497,253,05-05-2023,1415.6,Failed
498,190,04-09-2023,3674.47,Failed
499,71,18-10-2023,3367.92,Failed
500,143,09-11-2024,3568.72,Success
501,249,09-02-2024,2095.55,Pending
502,105,14-02-2024,1603.87,Pending
503,215,11-02-2024,3259,Success
504,263,23-05-2024,4625.73,Failed
505,268,09-04-2024,4308.26,Pending
506,120,27-04-2023,2095.27,Success
507,230,19-12-2024,4563.5,Pending
508,69,08-08-2023,974.55,Pending
509,211,06-12-2023,3595.6,Failed
510,202,18-01-2023,591.02,Failed
511,142,22-06-2023,4057.84,Success
512,93,28-07-2023,2787.59,Pending
513,220,03-06-2024,335.49,Success
514,272,01-09-2024,1711.19,Failed
515,243,16-03-2023,916.05,Failed
516,283,20-06-2023,4728.98,Success
517,80,02-11-2024,3477.28,Pending
518,212,11-04-2023,375.33,Failed
519,286,05-12-2023,1207.59,Success
520,217,28-07-2024,292.97,Success
521,242,19-11-2024,4007.29,Failed
522,291,07-01-2024,557.85,Success
523,26,03-04-2023,4500.38,Failed
524,64,26-12-2024,2745.25,Pending
525,103,03-01-2024,1270.44,Pending
526,260,16-03-2024,3519.22,Success
527,290,14-03-2024,422.7,Failed
528,162,26-07-2024,4985.24,Success
529,123,27-02-2024,4832.71,Pending
530,135,22-02-2023,2103.09,Success
531,213,08-10-2023,998.97,Pending
532,129,21-05-2023,935.72,Pending
533,196,25-01-2024,2494.74,Pending
534,60,12-07-2024,2144.93,Failed
535,195,23-12-2024,1301.86,Success
536,129,22-11-2024,4445.67,Success
537,116,12-09-2024,3595.94,Success
538,135,20-03-2023,3823.18,Pending
539,199,05-07-2024,1013.87,Success
540,251,28-10-2024,2630.27,Pending
541,293,17-05-2024,3933.71,Failed
542,252,02-04-2024,4638.17,Success
543,143,12-10-2024,3313.12,Pending
544,272,07-09-2024,4849.59,Pending
545,100,22-10-2023,4939.9,Pending
546,199,21-04-2024,3643.44,Success
547,40,05-09-2024,1495.48,Pending
548,252,19-04-2024,2638.13,Pending
549,195,31-01-2023,878.24,Success
550,85,24-11-2023,3495.38,Success
551,290,27-04-2024,3504.39,Pending
552,57,18-01-2024,4043.68,Success
553,242,08-12-2024,2112.65,Pending
554,9,14-06-2023,2888.22,Pending
555,180,28-11-2024,2820.43,Success
556,137,08-09-2024,4688.45,Pending
557,298,09-07-2024,4227.72,Success
558,294,05-10-2024,4016.19,Pending
559,25,25-03-2024,4107.69,Success
560,245,21-07-2023,894.45,Success
561,11,27-10-2023,3229.69,Pending
562,175,02-12-2023,3559.26,Failed
563,4,23-06-2024,2968.91,Failed
564,85,23-04-2024,1116.43,Success
565,78,10-12-2024,3219.33,Failed
566,6,20-03-2024,3235.13,Failed
567,114,10-06-2023,2074.4,Pending
568,36,15-07-2024,3012.54,Failed
569,15,02-01-2024,1848.59,Success
570,235,09-12-2023,2547.83,Pending
571,47,30-03-2023,4045.65,Failed
572,83,20-04-2023,1245.82,Failed
573,28,06-04-2023,4727.36,Success
574,82,11-04-2023,2670.59,Success
575,165,07-11-2023,1772.55,Success
576,277,05-12-2024,1822.72,Pending
577,266,23-03-2024,1197.89,Failed
578,172,06-09-2024,2225.14,Failed
579,146,21-01-2024,4596.57,Pending
580,156,18-12-2024,2685.19,Success
581,97,28-02-2023,4700.34,Pending
582,132,07-11-2023,4986.81,Success
583,285,16-09-2023,1625.14,Failed
584,214,10-10-2024,2547.6,Failed
585,36,04-06-2024,2606.99,Failed
586,273,25-03-2023,2451.51,Pending
587,229,24-11-2023,1172.36,Success
588,269,31-08-2024,1208.03,Success
589,5,14-10-2024,100.08,Failed
590,200,19-08-2023,2099.03,Pending
591,219,26-08-2023,467.79,Pending
592,55,01-10-2023,3480.59,Failed
593,296,16-06-2024,3151.68,Failed
594,141,07-09-2024,3268.23,Failed
595,72,17-01-2023,4943.1,Failed
596,132,24-09-2024,3943.46,Failed
597,198,09-07-2023,306.29,Failed
598,276,09-06-2023,4398.59,Pending
599,221,04-04-2024,813.56,Failed
600,138,29-01-2024,2382.75,Success
601,64,04-05-2024,2237.88,Pending
602,293,26-05-2024,997.45,Pending
603,169,23-06-2024,4871.47,Failed
604,189,19-11-2023,4124.06,Pending
605,267,17-05-2023,3406.61,Failed
606,215,13-05-2024,2687.65,Failed
607,238,19-09-2023,584.89,Failed
608,280,27-12-2024,2034.5,Pending
609,36,28-10-2023,599.72,Failed
610,273,26-08-2023,969.61,Success
611,256,30-05-2024,1695.06,Success
612,132,04-06-2024,1342.58,Pending
613,37,07-04-2023,4246.08,Pending
614,31,26-10-2023,607.54,Success
615,9,12-01-2023,1059.24,Success
616,80,25-06-2023,559.11,Failed
617,14,26-12-2024,2545.1,Failed
618,229,14-11-2024,148.01,Success
619,277,24-07-2023,4944.54,Failed
620,200,04-08-2023,337.48,Pending
621,218,04-08-2023,1491.92,Success
622,20,04-01-2024,742.03,Failed
623,271,17-12-2023,4830.24,Failed
624,271,25-08-2024,206.31,Pending
625,253,15-10-2024,281.36,Success
626,70,21-09-2024,4817.66,Pending
627,160,17-06-2024,885.37,Pending
628,81,02-08-2024,1842.62,Failed
629,28,06-09-2024,4134.99,Failed
630,36,02-05-2023,147.8,Pending
631,213,01-11-2024,485.03,Success
632,193,02-02-2023,4634.71,Failed
633,242,31-07-2023,3279.2,Success
634,37,08-11-2023,2129.02,Failed
635,227,13-05-2024,3461.77,Failed
636,93,14-06-2024,1966.86,Success
637,131,21-09-2023,4541.78,Success
638,128,10-07-2024,2291.06,Pending
639,184,10-11-2023,1380.28,Pending
640,2,14-02-2024,1268.28,Pending
641,278,25-11-2024,4818.52,Pending
642,64,30-12-2023,1792.17,Pending
643,202,27-08-2023,942.16,Success
644,96,17-02-2023,4157.15,Success
645,86,27-05-2023,1037.55,Failed
646,238,28-06-2023,4140.4,Pending
647,203,30-03-2023,4692.09,Failed
648,214,02-08-2024,3301.77,Pending
649,157,19-02-2024,3914.32,Pending
650,255,09-09-2023,4014.23,Failed
651,49,13-03-2023,4821.9,Pending
652,288,12-06-2024,2181.52,Pending
653,119,25-09-2024,740.79,Success
654,133,07-07-2024,4014.97,Failed
655,275,16-01-2024,2187.98,Pending
656,61,29-06-2023,2787.2,Pending
657,47,09-07-2024,3554.43,Failed
658,144,10-02-2023,462.13,Failed
659,210,23-11-2024,4649.77,Failed
660,100,22-02-2024,1013.03,Success
661,51,27-10-2024,1700.42,Pending
662,75,02-10-2023,4813.4,Pending
663,194,17-09-2023,1306.48,Failed
664,182,06-09-2024,1484.28,Failed
665,155,08-10-2024,178.38,Pending
666,283,21-12-2023,2407.64,Pending
667,178,22-08-2024,3336,Failed
668,257,01-04-2023,3292.06,Failed
669,35,09-11-2023,1099.64,Pending
670,159,23-06-2023,4541.01,Success
671,199,26-07-2023,2678.97,Success
672,127,03-06-2023,734.32,Failed
673,223,20-01-2024,4771.72,Failed
674,256,21-07-2024,386.95,Failed
675,190,27-02-2024,3967.56,Success
676,236,02-02-2023,1248.53,Pending
677,79,21-07-2024,1908.04,Pending
678,50,05-07-2024,2498.66,Success
679,94,22-02-2023,255.91,Failed
680,220,17-07-2024,779.54,Pending
681,269,01-12-2023,4680.74,Failed
682,286,28-03-2023,3293.21,Success
683,32,04-05-2023,3538.53,Pending
684,220,28-07-2024,1993.32,Pending
685,69,16-06-2024,405.8,Failed
686,23,04-02-2024,4306.09,Failed
687,258,06-07-2024,1113.22,Pending
688,176,11-02-2023,3900.31,Pending
689,278,18-01-2023,120.63,Success
690,111,08-06-2023,4636.27,Pending
691,238,30-08-2024,241.69,Failed
692,89,17-12-2024,563.42,Failed
693,42,03-05-2023,4081.25,Failed
694,253,21-02-2023,2212.97,Success
695,120,18-11-2024,2322.63,Success
696,243,19-10-2023,1803.94,Pending
697,162,29-06-2023,256.36,Pending
698,87,20-03-2023,4502.27,Pending
699,140,29-03-2023,234.94,Failed
700,282,12-11-2023,914.82,Failed
701,27,15-03-2023,1054.03,Pending
702,174,17-03-2023,490.37,Pending
703,83,10-10-2024,372.98,Success
704,238,06-02-2024,3215.93,Failed
705,257,12-12-2023,2741.14,Pending
706,188,14-05-2023,2979.67,Success
707,66,09-03-2024,1599.4,Success
708,118,22-08-2024,3249.48,Success
709,139,10-06-2023,3027.11,Failed
710,168,17-02-2024,4174.67,Success
711,169,07-11-2023,2767.55,Pending
712,215,15-02-2024,658.1,Failed
713,15,20-01-2024,2181.7,Failed
714,116,20-06-2023,1463,Success
715,204,19-07-2023,3762.15,Pending
716,253,26-09-2023,103.46,Pending
717,110,03-03-2023,4380.33,Success
718,88,06-09-2024,2467.26,Failed
719,136,17-09-2024,758.09,Failed
720,206,03-01-2024,4026.62,Failed
721,119,25-05-2023,3492.68,Success
722,3,25-01-2023,2894.59,Failed
723,300,15-08-2024,273.42,Success
724,202,29-11-2024,1832.8,Success
725,217,17-01-2023,1155.4,Pending
726,176,08-09-2024,4689.39,Success
727,169,02-01-2023,707.7,Pending
728,111,10-11-2024,1797.1,Failed
729,188,05-10-2024,324.95,Failed
730,48,26-05-2024,3665.67,Success
731,252,29-08-2023,1069.84,Success
732,98,19-06-2023,1246.66,Pending
733,74,20-08-2023,3571.41,Failed
734,208,26-06-2023,603.77,Success
735,61,05-05-2023,1235.02,Failed
736,210,01-07-2024,1546.45,Failed
737,161,06-02-2024,1281.12,Success
738,88,05-04-2023,3561.78,Success
739,261,18-06-2024,1970.11,Success
740,110,24-07-2023,1288.67,Success
741,244,01-06-2024,3757.94,Pending
742,13,03-06-2024,1592.66,Pending
743,262,01-12-2023,1365.62,Pending
744,245,09-09-2024,2171.8,Failed
745,234,30-04-2023,4424.55,Success
746,54,13-07-2024,2651.71,Success
747,16,23-12-2023,2321.94,Success
748,178,03-04-2023,1942.28,Success
749,59,22-12-2023,2028.89,Pending
750,126,07-12-2023,2863.8,Success
751,50,23-01-2023,1144.94,Failed
752,257,05-03-2023,2662.36,Failed
753,95,19-12-2023,3977.39,Failed
754,192,06-08-2023,4947.06,Failed
755,191,23-12-2023,2086.05,Failed
756,74,19-12-2024,1126.51,Pending
757,42,26-12-2023,797.52,Pending
758,205,09-09-2023,1870.92,Failed
759,286,22-12-2023,275.7,Success
760,235,09-07-2024,2229.8,Success
761,55,26-06-2023,1699.61,Pending
762,84,11-12-2024,1263.56,Pending
763,64,18-06-2023,4535.94,Failed
764,177,25-09-2024,4025.67,Pending
765,236,15-12-2023,4202.95,Pending
766,17,08-11-2023,2831.99,Pending
767,60,24-11-2024,2294.72,Failed
768,17,02-04-2024,1260.33,Failed
769,7,18-05-2024,640.65,Success
770,295,27-05-2023,933.22,Pending
771,264,18-05-2024,3232.61,Pending
772,60,04-03-2023,1719.22,Failed
773,24,24-05-2023,4798.91,Success
774,240,29-09-2023,4364.12,Success
775,164,18-02-2023,109.6,Success
776,161,26-08-2023,4516.1,Pending
777,294,03-04-2024,900.48,Pending
778,20,04-10-2024,4185.93,Pending
779,1,29-08-2024,541.94,Pending
780,229,10-09-2023,3628.87,Pending
781,171,18-05-2023,2271.42,Success
782,6,14-08-2024,838.36,Pending
783,158,10-03-2024,1789.3,Failed
784,213,01-02-2024,1306.46,Failed
785,68,01-02-2024,2305.6,Success
786,285,30-11-2023,3292.85,Failed
787,252,09-09-2024,2662.76,Pending
788,185,15-12-2024,337.78,Success
789,184,03-07-2024,1823.73,Failed
790,188,26-01-2023,2585.91,Failed
791,50,18-02-2024,1893.43,Failed
792,237,06-10-2023,146.5,Pending
793,300,29-04-2023,2855.47,Failed
794,8,05-05-2023,2243.18,Success
795,41,21-10-2023,2665.76,Pending
796,125,29-12-2024,322.9,Success
797,293,19-04-2023,1130.59,Pending
798,11,17-10-2023,3922,Success
799,170,09-07-2024,200.1,Failed
800,78,13-04-2023,1941.24,Pending
