usage_id,user_id,service_id,usage_date,usage_duration,usage_cost
1,66,6,2024-05-05,13.38,66.9
2,57,2,2023-12-07,113.67,568.35
3,204,14,2023-04-10,105.52,527.6
4,65,15,2023-05-08,111.54,557.7
5,117,7,2024-05-14,108.63,543.15
6,20,7,2023-01-23,53.15,265.75
7,239,1,2024-03-26,61.67,308.35
8,199,4,2023-03-02,134.27,671.35
9,145,13,2023-12-31,69.24,346.2
10,107,9,2023-12-24,165.65,828.25
11,80,14,2024-02-28,127.2,636
12,113,12,2023-09-07,145.57,727.85
13,262,11,2023-06-30,151.16,755.8
14,202,2,2024-11-21,112.87,564.35
15,231,5,2023-05-30,117.23,586.15
16,233,5,2023-02-27,54,270
17,38,14,2023-08-02,145.64,728.2
18,14,3,2023-04-26,92.44,462.2
19,124,12,2024-06-14,176.17,880.85
20,263,15,2023-05-16,115.45,577.25
21,191,3,2024-10-22,46.27,231.35
22,125,1,2024-10-19,74.51,372.55
23,36,4,2023-02-20,178.21,891.05
24,281,11,2024-11-01,109.96,549.8
25,125,5,2023-01-01,137.32,686.6
26,116,14,2024-12-10,125.62,628.1
27,20,5,2024-07-02,79.36,396.8
28,5,7,2023-06-17,86.1,430.5
29,142,3,2024-02-13,92.23,461.15
30,22,1,2023-09-08,113.52,567.6
31,63,12,2024-11-12,16.45,82.25
32,202,15,2023-02-13,83.15,415.75
33,163,5,2024-09-17,88.41,442.05
34,257,3,2024-08-14,121.72,608.6
35,170,14,2023-02-02,38.7,193.5
36,69,3,2024-10-16,148.03,740.15
37,84,14,2024-07-22,166.5,832.5
38,187,4,2024-10-05,76.57,382.85
39,237,13,2024-05-21,160.59,802.95
40,269,11,2023-07-29,165.51,827.55
41,282,6,2024-04-06,20.65,103.25
42,121,7,2024-08-21,24.4,122
43,98,14,2024-10-22,77.2,386
44,250,3,2024-07-13,84.79,423.95
45,116,2,2024-01-24,77.11,385.55
46,266,1,2024-10-01,51.64,258.2
47,4,11,2023-04-15,98.84,494.2
48,295,13,2023-05-07,153.83,769.15
49,174,7,2024-03-21,46.28,231.4
50,171,2,2024-10-22,15.78,78.9
51,236,4,2023-02-11,145.36,726.8
52,38,11,2023-09-27,135.11,675.55
53,194,8,2024-04-09,137.25,686.25
54,170,14,2023-02-21,33.05,165.25
55,21,2,2023-09-14,31.65,158.25
56,179,4,2023-11-14,162.83,814.15
57,36,15,2024-08-22,97.23,486.15
58,212,14,2024-04-22,147.59,737.95
59,56,2,2023-12-21,158.24,791.2
60,21,15,2023-12-14,119.42,597.1
61,63,14,2023-10-25,59.01,295.05
62,273,10,2023-02-26,6.4,32
63,272,14,2024-09-09,97.18,485.9
64,175,2,2024-01-06,92.24,461.2
65,53,14,2024-04-25,100.19,500.95
66,27,5,2023-03-01,108,540
67,269,11,2024-04-06,18.06,90.3
68,13,6,2023-03-09,86.96,434.8
69,180,10,2023-06-14,145.71,728.55
70,68,8,2024-05-11,90.67,453.35
71,143,15,2024-04-12,43.03,215.15
72,216,11,2023-03-28,21.76,108.8
73,100,3,2024-02-27,141.89,709.45
74,279,15,2024-07-22,29.14,145.7
75,154,12,2024-12-15,145.57,727.85
76,226,11,2023-07-24,26.07,130.35
77,174,15,2024-07-14,172.69,863.45
78,266,15,2023-03-01,115.34,576.7
79,159,14,2024-12-22,137.97,689.85
80,101,6,2023-03-16,72.94,364.7
81,60,4,2023-02-05,23.97,119.85
82,248,15,2024-10-30,111.29,556.45
83,253,8,2024-08-26,96.94,484.7
84,147,8,2024-07-25,56.82,284.1
85,248,11,2023-11-04,104.86,524.3
86,93,9,2023-11-17,92.15,460.75
87,160,2,2024-10-09,43.53,217.65
88,204,3,2023-11-11,44.78,223.9
89,182,1,2023-12-13,138.9,694.5
90,57,10,2023-11-06,135.06,675.3
91,130,12,2024-01-14,90.77,453.85
92,284,4,2024-01-18,75.71,378.55
93,299,14,2024-03-15,67.78,338.9
94,249,5,2024-03-10,68.25,341.25
95,276,10,2023-12-05,110.18,550.9
96,150,3,2023-04-10,28.65,143.25
97,45,12,2023-08-10,54.47,272.35
98,222,3,2023-02-13,98.43,492.15
99,202,3,2023-08-08,58.24,291.2
100,168,15,2024-03-24,160.46,802.3
101,7,5,2023-02-02,112.57,562.85
102,295,3,2023-06-07,163.15,815.75
103,256,9,2023-03-09,130.68,653.4
104,147,12,2024-07-31,91.82,459.1
105,225,12,2023-08-05,122.23,611.15
106,57,11,2024-12-22,18.03,90.15
107,38,15,2024-11-04,9.26,46.3
108,157,4,2023-08-28,23.48,117.4
109,121,2,2023-09-13,93.61,468.05
110,191,14,2024-03-30,40.48,202.4
111,71,15,2024-08-03,110.34,551.7
112,6,7,2024-08-10,10.68,53.4
113,58,7,2023-06-11,68.76,343.8
114,102,2,2024-02-27,8.46,42.3
115,132,7,2024-05-09,36.79,183.95
116,253,1,2024-03-16,124.28,621.4
117,119,2,2023-12-04,22.48,112.4
118,239,5,2023-09-14,29.15,145.75
119,138,3,2023-01-21,124.86,624.3
120,123,11,2024-01-20,8.21,41.05
121,31,2,2023-12-06,159.05,795.25
122,42,2,2024-05-20,169.02,845.1
123,33,3,2023-10-25,161.97,809.85
124,228,9,2024-10-13,158.86,794.3
125,288,4,2024-03-20,111.28,556.4
126,239,5,2023-05-16,76.06,380.3
127,192,6,2023-11-19,104.94,524.7
128,100,12,2024-01-11,103.95,519.75
129,179,15,2023-09-06,37.74,188.7
130,148,12,2024-08-16,130.22,651.1
131,89,6,2023-10-13,174.75,873.75
132,274,2,2023-06-27,19.17,95.85
133,26,14,2024-02-17,179.13,895.65
134,179,13,2024-08-31,68.99,344.95
135,297,14,2023-01-22,172.1,860.5
136,23,14,2023-12-18,164.69,823.45
137,140,10,2023-05-01,17.18,85.9
138,262,6,2023-11-05,128.84,644.2
139,104,11,2023-04-22,141.71,708.55
140,228,8,2023-02-02,113.1,565.5
141,133,8,2024-01-16,28.08,140.4
142,149,2,2024-01-26,41.02,205.1
143,189,11,2023-11-23,37.02,185.1
144,232,10,2024-06-20,148.75,743.75
145,168,1,2024-03-31,125.27,626.35
146,200,7,2023-11-17,94.53,472.65
147,80,1,2023-08-02,156.2,781
148,162,10,2024-07-22,147.22,736.1
149,41,3,2023-05-21,158.49,792.45
150,269,9,2024-07-04,149.38,746.9
151,24,7,2023-05-03,120.64,603.2
152,274,8,2023-10-08,91.05,455.25
153,158,5,2024-02-15,129.82,649.1
154,182,12,2023-05-19,132.64,663.2
155,263,13,2024-01-07,68.6,343
156,262,5,2024-04-10,103.3,516.5
157,210,3,2023-03-11,70.76,353.8
158,42,4,2024-05-15,50.62,253.1
159,156,15,2023-08-25,121.1,605.5
160,212,14,2024-09-13,50.68,253.4
161,295,15,2023-03-13,136.34,681.7
162,249,14,2024-02-18,128.19,640.95
163,67,6,2024-06-19,32.82,164.1
164,258,2,2023-11-25,15.21,76.05
165,74,2,2023-06-30,62.34,311.7
166,32,15,2023-03-25,76.89,384.45
167,114,11,2023-02-16,57.27,286.35
168,226,11,2024-01-11,112.67,563.35
169,58,1,2024-08-26,145.6,728
170,286,10,2023-06-06,177.23,886.15
171,195,3,2024-10-24,130.36,651.8
172,118,1,2023-04-25,60.02,300.1
173,46,10,2023-07-11,157.82,789.1
174,213,13,2024-07-13,14.83,74.15
175,105,10,2024-09-23,72.91,364.55
176,91,5,2024-01-21,31.48,157.4
177,61,11,2023-01-15,135.13,675.65
178,30,12,2024-10-09,26.88,134.4
179,129,14,2023-01-26,24.96,124.8
180,249,9,2023-05-20,137.28,686.4
181,228,5,2024-06-23,113.18,565.9
182,208,14,2024-01-01,121.55,607.75
183,279,15,2023-04-21,92.58,462.9
184,222,11,2024-03-13,85.66,428.3
185,65,7,2024-06-24,139.09,695.45
186,175,5,2024-06-18,40.43,202.15
187,98,8,2023-12-27,11.34,56.7
188,123,8,2023-04-13,18.79,93.95
189,49,4,2024-01-28,79.15,395.75
190,217,8,2023-12-11,24.54,122.7
191,287,6,2024-04-30,40.59,202.95
192,71,2,2023-11-02,175.19,875.95
193,207,12,2024-03-18,177.48,887.4
194,207,2,2024-04-12,68.02,340.1
195,15,1,2024-10-17,167.63,838.15
196,162,12,2024-05-18,173.98,869.9
197,89,3,2024-01-17,18.28,91.4
198,273,3,2024-04-07,42.15,210.75
199,239,1,2023-05-23,95.89,479.45
200,46,2,2023-02-13,142.07,710.35
201,131,11,2024-03-02,154.33,771.65
202,182,3,2023-09-15,53.27,266.35
203,298,7,2024-02-13,75.68,378.4
204,215,15,2024-02-10,66.68,333.4
205,32,4,2023-07-23,168.91,844.55
206,25,8,2023-05-24,27.63,138.15
207,145,14,2024-12-29,153.69,768.45
208,28,12,2023-03-08,40.32,201.6
209,174,5,2023-04-28,147.87,739.35
210,140,11,2024-04-05,103.33,516.65
211,41,12,2024-01-08,169.74,848.7
212,183,1,2023-11-20,32.02,160.1
213,78,8,2023-01-24,43.35,216.75
214,284,7,2024-08-05,56.08,280.4
215,52,15,2024-07-14,72.12,360.6
216,125,9,2024-01-09,41.07,205.35
217,148,9,2024-11-18,117.26,586.3
218,257,9,2023-03-01,152.37,761.85
219,226,13,2024-10-17,105.45,527.25
220,98,15,2023-12-12,132.06,660.3
221,86,4,2023-11-27,95.91,479.55
222,74,9,2023-10-19,34,170
223,81,1,2023-07-02,162.71,813.55
224,226,9,2024-12-10,177.46,887.3
225,31,15,2023-09-03,150.05,750.25
226,146,9,2023-06-13,105.68,528.4
227,66,11,2023-10-16,179.77,898.85
228,265,4,2024-08-13,173.01,865.05
229,149,2,2024-06-16,111.81,559.05
230,146,6,2023-06-09,33.31,166.55
231,32,9,2023-02-26,120.51,602.55
232,224,6,2023-10-31,19.63,98.15
233,282,2,2023-11-13,141.82,709.1
234,77,4,2024-09-11,9.02,45.1
235,38,5,2024-04-13,142.49,712.45
236,47,9,2024-02-07,163.42,817.1
237,239,9,2024-09-06,120.8,604
238,53,3,2024-05-27,16.29,81.45
239,282,13,2024-04-10,57.57,287.85
240,12,4,2023-06-08,95.6,478
241,171,3,2024-04-04,60.96,304.8
242,261,15,2024-10-23,111.7,558.5
243,219,11,2024-12-26,90.22,451.1
244,115,1,2024-04-05,89.01,445.05
245,217,9,2024-11-01,179.82,899.1
246,243,12,2024-08-04,26.77,133.85
247,300,9,2023-08-05,132.87,664.35
248,157,12,2023-02-28,96.59,482.95
249,226,10,2024-10-15,106.34,531.7
250,29,15,2023-09-26,55.34,276.7
251,265,12,2023-04-27,144.86,724.3
252,40,5,2024-02-18,77.69,388.45
253,278,14,2024-07-02,105.9,529.5
254,214,12,2024-11-14,21.01,105.05
255,6,10,2023-04-09,82.39,411.95
256,8,12,2023-02-21,165.88,829.4
257,206,13,2024-06-13,164.15,820.75
258,45,7,2024-07-16,155.35,776.75
259,185,3,2024-12-31,102.78,513.9
260,108,10,2024-03-15,19.41,97.05
261,179,2,2024-05-03,85.14,425.7
262,68,5,2024-09-01,141.51,707.55
263,74,12,2024-09-27,26.57,132.85
264,15,2,2023-08-01,5.83,29.15
265,169,15,2023-08-30,108.24,541.2
266,294,14,2023-05-24,124.79,623.95
267,282,3,2023-08-27,114.86,574.3
268,83,13,2024-08-03,163.5,817.5
269,50,13,2023-05-09,22.22,111.1
270,251,7,2024-02-10,108.58,542.9
271,212,1,2024-10-19,166.19,830.95
272,166,4,2024-01-27,54.88,274.4
273,234,13,2024-01-14,141.51,707.55
274,197,13,2023-04-05,165.47,827.35
275,165,11,2024-07-20,5.95,29.75
276,269,3,2024-07-16,106.84,534.2
277,265,15,2023-11-22,177.8,889
278,137,14,2024-08-13,17.93,89.65
279,89,3,2024-07-09,67.43,337.15
280,148,9,2024-10-06,95.09,475.45
281,20,10,2024-07-07,79.45,397.25
282,247,7,2023-10-22,171.14,855.7
283,88,13,2023-05-01,64.27,321.35
284,299,1,2024-09-01,154.85,774.25
285,228,8,2023-03-18,10.32,51.6
286,289,9,2023-07-09,108.1,540.5
287,181,6,2024-10-06,37.79,188.95
288,152,10,2023-09-09,9.77,48.85
289,157,2,2023-09-16,143.46,717.3
290,101,5,2024-05-28,130.51,652.55
291,18,2,2024-07-07,27.94,139.7
292,276,12,2023-01-26,7.8,39
293,82,13,2024-02-05,171.1,855.5
294,202,1,2024-01-05,68.56,342.8
295,221,9,2024-06-01,6.16,30.8
296,161,10,2024-02-16,53.32,266.6
297,289,8,2024-01-16,105.62,528.1
298,143,1,2024-07-19,79.87,399.35
299,27,12,2023-08-23,70.45,352.25
300,135,7,2024-01-02,20.91,104.55
301,25,3,2023-01-02,5.32,26.6
302,127,4,2024-12-01,27.8,139
303,200,10,2023-08-17,139.31,696.55
304,89,9,2023-05-28,56.98,284.9
305,227,6,2024-11-09,48.34,241.7
306,193,2,2023-07-25,36.19,180.95
307,248,7,2023-03-11,81.39,406.95
308,177,11,2024-05-22,141.29,706.45
309,212,8,2023-11-24,129.56,647.8
310,90,11,2023-07-20,101.65,508.25
311,66,15,2024-06-04,73.78,368.9
312,124,6,2024-08-23,145.05,725.25
313,239,11,2024-01-12,6.63,33.15
314,264,5,2023-01-09,6.11,30.55
315,180,15,2023-11-22,58.74,293.7
316,270,2,2024-08-08,40.71,203.55
317,73,5,2023-03-11,15.79,78.95
318,255,12,2024-07-10,43.27,216.35
319,209,2,2024-04-14,84.2,421
320,127,7,2023-04-24,7.82,39.1
321,237,3,2023-03-28,83.63,418.15
322,79,2,2023-05-14,154.31,771.55
323,184,15,2023-01-16,48.98,244.9
324,63,2,2023-08-31,170.19,850.95
325,12,7,2023-09-21,16.56,82.8
326,48,3,2023-11-09,174.57,872.85
327,244,15,2023-06-06,20.74,103.7
328,164,1,2024-02-12,167.52,837.6
329,46,14,2024-09-23,123.79,618.95
330,225,11,2023-06-28,114.45,572.25
331,61,9,2024-01-19,50.66,253.3
332,197,12,2023-11-12,74.24,371.2
333,82,14,2023-02-04,12.13,60.65
334,259,1,2023-06-24,52.27,261.35
335,36,11,2024-04-19,140.7,703.5
336,67,11,2023-09-06,126.16,630.8
337,105,1,2024-10-11,142.01,710.05
338,115,4,2024-06-11,70,350
339,203,9,2023-09-14,162.15,810.75
340,64,4,2023-11-15,117.91,589.55
341,199,8,2024-03-22,94.59,472.95
342,262,8,2023-01-20,78.8,394
343,53,11,2023-04-21,5.96,29.8
344,35,3,2024-02-14,70.01,350.05
345,187,7,2023-08-17,39.92,199.6
346,132,7,2023-02-06,105.86,529.3
347,222,13,2023-12-28,28.78,143.9
348,282,15,2024-09-16,149.78,748.9
349,161,11,2024-05-03,120.79,603.95
350,260,2,2024-08-03,50.74,253.7
351,172,1,2024-11-05,144.42,722.1
352,191,15,2023-06-22,173.86,869.3
353,250,15,2024-06-30,175.44,877.2
354,110,14,2024-02-14,101.09,505.45
355,188,13,2023-02-14,100.8,504
356,250,7,2024-01-08,111.24,556.2
357,2,11,2024-01-03,44.03,220.15
358,242,5,2023-09-04,63.31,316.55
359,268,3,2024-09-29,89.6,448
360,234,11,2024-04-30,112.5,562.5
361,74,12,2024-01-11,100.86,504.3
362,44,8,2023-12-13,31.96,159.8
363,285,6,2023-04-01,49.91,249.55
364,47,15,2023-07-03,35.89,179.45
365,285,10,2024-02-29,105.95,529.75
366,226,7,2024-03-24,145.55,727.75
367,45,15,2024-02-02,63.39,316.95
368,178,2,2024-12-30,111.97,559.85
369,185,1,2023-10-27,93.7,468.5
370,145,4,2024-05-15,64.88,324.4
371,226,13,2024-02-23,157.32,786.6
372,41,8,2023-08-07,68.47,342.35
373,38,11,2024-11-25,97.5,487.5
374,173,10,2024-05-31,59.05,295.25
375,24,15,2023-12-03,81.69,408.45
376,156,14,2024-10-15,174.83,874.15
377,262,3,2023-06-22,85.75,428.75
378,70,6,2023-10-15,141.44,707.2
379,227,15,2023-04-11,45.62,228.1
380,57,3,2023-01-30,38.63,193.15
381,241,3,2023-09-10,72.93,364.65
382,259,1,2023-06-12,144.08,720.4
383,42,8,2023-01-03,17.29,86.45
384,161,13,2024-11-16,115.21,576.05
385,217,7,2023-12-26,124.35,621.75
386,289,1,2024-07-13,27.69,138.45
387,151,4,2024-03-25,32.29,161.45
388,286,3,2024-08-27,145.51,727.55
389,128,4,2023-05-05,167.8,839
390,109,12,2023-07-22,23.44,117.2
391,227,12,2023-03-11,48.94,244.7
392,49,12,2024-02-12,123.54,617.7
393,129,1,2023-03-07,131.84,659.2
394,201,1,2024-03-20,131.95,659.75
395,269,8,2024-06-20,172.99,864.95
396,254,1,2023-09-25,7.34,36.7
397,81,14,2024-03-12,41.82,209.1
398,9,7,2024-02-24,88.1,440.5
399,117,10,2023-04-26,114.84,574.2
400,87,14,2024-12-31,42.81,214.05
401,228,7,2023-01-04,102.25,511.25
402,164,12,2024-12-11,148.24,741.2
403,45,4,2023-10-17,38.96,194.8
404,55,1,2024-11-13,130.94,654.7
405,184,3,2024-07-06,88.49,442.45
406,236,4,2024-01-21,74.09,370.45
407,30,1,2024-01-17,40.07,200.35
408,255,4,2024-10-06,168.16,840.8
409,117,5,2024-04-10,148.45,742.25
410,186,2,2024-05-12,76.08,380.4
411,161,15,2023-02-14,142.66,713.3
412,254,13,2024-12-31,116.35,581.75
413,264,11,2023-09-25,64.75,323.75
414,252,14,2023-09-19,65.25,326.25
415,77,9,2024-06-17,12.36,61.8
416,23,9,2024-07-11,16.2,81
417,156,14,2024-02-18,161.5,807.5
418,219,10,2024-08-23,39.61,198.05
419,129,13,2023-01-31,14.02,70.1
420,125,1,2024-10-22,18.98,94.9
421,148,4,2024-06-03,164.63,823.15
422,235,12,2024-01-31,125.89,629.45
423,138,7,2023-04-11,71.59,357.95
424,197,6,2023-10-19,96.42,482.1
425,289,8,2023-06-04,115.71,578.55
426,85,7,2024-10-14,89.95,449.75
427,118,15,2024-10-24,62.48,312.4
428,270,15,2024-11-06,112.26,561.3
429,201,8,2024-12-23,119.2,596
430,32,10,2023-09-30,71.23,356.15
431,126,10,2024-08-02,11.83,59.15
432,31,14,2024-07-09,108.11,540.55
433,190,15,2024-05-29,59.12,295.6
434,44,7,2024-06-21,104.78,523.9
435,32,15,2024-07-17,154.5,772.5
436,33,8,2024-12-07,75.84,379.2
437,158,1,2024-06-29,56.88,284.4
438,133,1,2024-10-21,63.78,318.9
439,207,4,2024-02-17,12.71,63.55
440,83,15,2023-08-31,34.83,174.15
441,129,9,2024-05-31,101.71,508.55
442,133,13,2023-10-29,13.14,65.7
443,284,4,2024-04-06,5.32,26.6
444,176,14,2024-04-17,171.89,859.45
445,11,4,2023-07-09,164.14,820.7
446,292,4,2023-07-13,168.85,844.25
447,169,6,2024-05-05,112.16,560.8
448,229,7,2023-06-11,97.53,487.65
449,273,4,2023-08-05,67.72,338.6
450,244,10,2023-07-10,46.35,231.75
451,84,14,2023-01-05,142.29,711.45
452,12,2,2023-04-08,90.03,450.15
453,264,15,2024-03-22,10.32,51.6
454,112,5,2023-06-18,135.93,679.65
455,52,7,2024-02-24,7.1,35.5
456,85,13,2023-07-22,173.02,865.1
457,249,12,2023-10-29,99.84,499.2
458,60,6,2024-10-13,90.64,453.2
459,201,7,2023-09-05,85.39,426.95
460,134,2,2023-11-07,38.83,194.15
461,96,1,2023-07-31,119,595
462,210,2,2024-02-19,92,460
463,287,2,2023-12-06,39.08,195.4
464,256,8,2023-01-07,12.54,62.7
465,97,2,2024-12-16,161.45,807.25
466,136,12,2023-05-05,10.66,53.3
467,206,10,2023-03-31,26,130
468,75,11,2024-06-05,109.19,545.95
469,253,3,2023-09-25,120.36,601.8
470,212,8,2023-08-18,175.83,879.15
471,183,6,2024-07-04,49.64,248.2
472,294,12,2024-07-15,153.57,767.85
473,283,11,2024-05-08,48.01,240.05
474,121,11,2023-07-24,34.79,173.95
475,218,6,2024-07-13,17.39,86.95
476,71,7,2024-10-10,174.44,872.2
477,186,10,2024-06-17,134.27,671.35
478,296,4,2023-01-31,32.95,164.75
479,66,13,2024-05-05,86.28,431.4
480,266,2,2024-03-04,18.08,90.4
481,125,3,2024-05-31,71.56,357.8
482,204,7,2023-07-20,138.99,694.95
483,23,4,2023-10-26,161.06,805.3
484,146,12,2023-08-21,149.76,748.8
485,64,11,2023-07-15,130.17,650.85
486,222,9,2024-11-17,156.28,781.4
487,18,12,2024-04-03,34.13,170.65
488,188,11,2023-04-18,125.93,629.65
489,1,5,2024-05-25,135.25,676.25
490,88,11,2024-08-30,175.36,876.8
491,155,3,2023-06-22,161.41,807.05
492,94,4,2023-05-19,55.33,276.65
493,102,6,2023-12-14,160.11,800.55
494,211,4,2024-01-14,115.35,576.75
495,214,3,2024-01-03,36.05,180.25
496,7,11,2023-10-21,68.13,340.65
497,172,12,2024-08-12,82.26,411.3
498,219,11,2023-10-05,99.05,495.25
499,241,4,2023-06-19,135.28,676.4
500,120,3,2023-06-09,124.81,624.05
501,207,9,2024-07-03,25.92,129.6
502,201,4,2023-05-22,75.77,378.85
503,1,2,2023-04-05,165.89,829.45
504,45,5,2023-07-09,147.81,739.05
505,49,8,2024-01-04,104.03,520.15
506,238,6,2023-03-30,132.32,661.6
507,286,4,2023-06-12,61.97,309.85
508,102,7,2023-02-27,95.43,477.15
509,193,4,2024-05-03,75.65,378.25
510,273,12,2024-10-09,14.82,74.1
511,235,13,2024-02-09,132.76,663.8
512,135,14,2023-01-27,95.44,477.2
513,119,7,2024-06-02,97.52,487.6
514,52,10,2023-07-11,8.59,42.95
515,35,8,2023-08-11,88.67,443.35
516,205,10,2023-07-11,144.55,722.75
517,169,4,2024-09-29,59.21,296.05
518,158,12,2023-01-11,41.82,209.1
519,89,14,2024-11-02,41.22,206.1
520,124,12,2023-06-15,35.07,175.35
521,158,12,2023-02-16,92.4,462
522,119,1,2024-08-22,105.79,528.95
523,135,1,2023-06-29,53.8,269
524,231,12,2024-09-16,30.62,153.1
525,272,5,2024-10-25,154.42,772.1
526,44,4,2024-11-08,53.54,267.7
527,121,9,2024-06-10,39.11,195.55
528,35,13,2023-12-18,89.9,449.5
529,90,3,2023-04-27,171.07,855.35
530,30,11,2023-10-13,84.82,424.1
531,81,1,2024-09-29,32.95,164.75
532,295,7,2023-08-10,61.15,305.75
533,19,4,2023-09-06,132.19,660.95
534,98,14,2024-11-14,11.39,56.95
535,149,8,2023-06-05,20.61,103.05
536,145,1,2023-10-03,98.25,491.25
537,202,5,2024-05-22,19.32,96.6
538,209,12,2024-01-14,146.38,731.9
539,113,7,2023-05-08,31.06,155.3
540,17,2,2023-09-23,70.12,350.6
541,151,6,2023-07-17,15.62,78.1
542,167,12,2023-10-30,81.4,407
543,98,6,2023-03-29,47.93,239.65
544,143,15,2023-10-16,102.32,511.6
545,216,7,2024-06-05,154.28,771.4
546,120,12,2024-10-04,163.74,818.7
547,225,11,2023-01-28,66.07,330.35
548,242,7,2024-04-03,122.85,614.25
549,45,13,2024-11-24,34.69,173.45
550,40,9,2023-03-05,148.94,744.7
551,292,5,2023-06-18,42.84,214.2
552,119,5,2024-05-31,100.27,501.35
553,166,1,2023-09-27,134.96,674.8
554,159,8,2024-06-03,90.85,454.25
555,147,12,2023-01-30,63.54,317.7
556,196,4,2023-10-25,97.09,485.45
557,29,10,2024-03-21,130.65,653.25
558,79,14,2023-02-21,119.24,596.2
559,95,14,2024-11-13,9.47,47.35
560,138,14,2023-06-25,42.7,213.5
561,140,12,2023-05-19,108.72,543.6
562,261,12,2023-01-14,23.27,116.35
563,235,15,2024-01-16,173.9,869.5
564,58,9,2023-03-18,143.68,718.4
565,59,15,2024-04-08,23.01,115.05
566,255,9,2024-03-13,158.87,794.35
567,282,12,2024-10-22,11.06,55.3
568,55,1,2024-08-25,12.35,61.75
569,260,13,2024-10-02,62.31,311.55
570,117,2,2023-11-26,142.29,711.45
571,195,11,2023-01-21,71.24,356.2
572,230,15,2024-01-26,99.24,496.2
573,72,15,2024-02-15,74.24,371.2
574,297,11,2023-04-05,178.03,890.15
575,253,4,2023-09-08,78.12,390.6
576,128,2,2024-04-06,76.36,381.8
577,95,9,2024-01-20,100.16,500.8
578,67,11,2023-12-24,125.21,626.05
579,2,13,2024-11-23,135.82,679.1
580,287,9,2024-12-06,7.27,36.35
581,209,9,2023-02-01,132.11,660.55
582,270,7,2023-02-22,73.78,368.9
583,240,14,2023-05-09,68.41,342.05
584,112,4,2024-04-08,108.63,543.15
585,257,2,2024-02-12,61.31,306.55
586,176,15,2024-02-06,41.94,209.7
587,268,5,2023-06-27,72.96,364.8
588,214,11,2023-03-30,55.96,279.8
589,247,12,2024-12-06,77.19,385.95
590,278,11,2024-01-13,112.4,562
591,44,13,2024-01-08,127.56,637.8
592,130,13,2024-02-08,88.79,443.95
593,168,6,2023-10-09,57.96,289.8
594,225,1,2024-04-02,121.12,605.6
595,16,12,2023-12-29,133.88,669.4
596,49,13,2024-10-10,102.08,510.4
597,50,14,2024-01-24,175.17,875.85
598,197,13,2023-03-03,18.24,91.2
599,237,1,2024-06-24,5.73,28.65
600,145,8,2023-03-24,170.66,853.3
601,272,10,2024-02-11,61.46,307.3
602,129,1,2023-10-30,104.63,523.15
603,50,12,2023-06-27,71.14,355.7
604,61,5,2024-12-03,137.21,686.05
605,44,2,2023-10-08,42.62,213.1
606,178,7,2023-06-19,152.69,763.45
607,99,14,2024-12-23,147.27,736.35
608,260,7,2023-02-03,90.8,454
609,300,15,2024-09-12,179.55,897.75
610,153,13,2024-09-08,102.11,510.55
611,114,8,2024-11-08,123.18,615.9
612,73,15,2023-06-30,8.07,40.35
613,157,1,2024-02-02,89.56,447.8
614,146,10,2024-06-11,141.09,705.45
615,24,10,2024-01-13,115.98,579.9
616,31,9,2023-07-07,141.89,709.45
617,174,11,2024-01-07,10.49,52.45
618,167,1,2024-02-25,69.98,349.9
619,270,2,2023-12-29,63.09,315.45
620,64,5,2024-02-18,139.75,698.75
621,271,5,2024-02-16,118.58,592.9
622,35,2,2024-05-06,47.67,238.35
623,130,10,2024-11-07,144.98,724.9
624,186,10,2024-11-10,78.82,394.1
625,24,7,2024-07-14,133.29,666.45
626,293,11,2023-07-03,107.76,538.8
627,119,12,2024-07-22,37.98,189.9
628,112,1,2023-05-02,10.86,54.3
629,1,4,2024-12-24,91.46,457.3
630,174,15,2023-09-10,104.13,520.65
631,154,4,2023-03-14,174.34,871.7
632,6,11,2023-04-16,19.04,95.2
633,234,4,2023-01-05,117.78,588.9
634,70,11,2023-08-07,21.01,105.05
635,275,6,2024-09-30,114.44,572.2
636,170,1,2024-09-18,145.05,725.25
637,263,4,2024-04-27,148.07,740.35
638,197,11,2023-03-19,105.28,526.4
639,227,7,2024-03-10,73.69,368.45
640,263,6,2024-02-03,32.48,162.4
641,189,1,2023-08-12,47.98,239.9
642,3,10,2024-10-06,173.03,865.15
643,161,11,2023-02-26,24.75,123.75
644,110,2,2023-05-18,37.12,185.6
645,223,12,2023-05-16,100.03,500.15
646,52,7,2023-05-11,61.79,308.95
647,236,3,2023-05-30,125.18,625.9
648,154,14,2023-11-14,84.85,424.25
649,118,15,2024-08-27,52.78,263.9
650,255,12,2023-03-27,125.09,625.45
651,222,6,2023-03-11,143.48,717.4
652,192,10,2024-04-01,6.64,33.2
653,13,1,2024-06-04,81.81,409.05
654,223,4,2023-09-29,42.82,214.1
655,75,2,2023-07-08,112.14,560.7
656,241,10,2024-01-15,38.51,192.55
657,27,1,2023-10-27,85.7,428.5
658,69,2,2024-08-22,68.06,340.3
659,227,5,2023-06-04,159.45,797.25
660,299,15,2024-09-01,140.89,704.45
661,85,3,2023-11-22,39.93,199.65
662,64,7,2024-09-06,114.56,572.8
663,147,8,2024-12-05,105.3,526.5
664,80,12,2024-12-13,79.77,398.85
665,257,8,2023-09-14,116.67,583.35
666,254,14,2024-07-22,23.38,116.9
667,78,15,2023-08-12,117.53,587.65
668,110,2,2023-03-07,66.8,334
669,271,3,2024-05-22,45.49,227.45
670,287,6,2023-04-09,175.89,879.45
671,280,10,2023-07-30,67.33,336.65
672,286,7,2023-05-09,20,100
673,262,2,2024-12-26,47.9,239.5
674,93,14,2024-02-12,82.04,410.2
675,62,8,2024-02-29,160.86,804.3
676,219,3,2023-06-20,123.4,617
677,125,12,2023-01-10,96.28,481.4
678,64,11,2024-05-17,154.24,771.2
679,56,11,2024-07-13,103.38,516.9
680,223,8,2023-09-19,120.52,602.6
681,59,6,2024-04-01,162.59,812.95
682,74,4,2023-01-01,91.27,456.35
683,239,9,2024-12-13,128.16,640.8
684,28,11,2024-12-11,78.9,394.5
685,257,6,2024-12-24,112.6,563
686,253,10,2024-08-08,77.51,387.55
687,162,5,2023-09-17,30.53,152.65
688,272,1,2023-08-29,154.69,773.45
689,59,14,2023-08-27,8.81,44.05
690,75,4,2023-03-24,112.12,560.6
691,185,8,2023-06-26,25.96,129.8
692,223,4,2023-01-03,114.51,572.55
693,273,5,2023-10-16,30.04,150.2
694,281,8,2024-12-03,172.62,863.1
695,276,9,2023-05-01,95.69,478.45
696,266,10,2023-07-31,93.42,467.1
697,72,15,2023-01-29,131.44,657.2
698,110,1,2024-01-22,115.36,576.8
699,26,15,2024-07-08,84.56,422.8
700,272,4,2024-04-06,129.42,647.1
701,100,6,2023-07-22,62.75,313.75
702,9,3,2023-07-03,169.19,845.95
703,244,2,2023-10-14,143.41,717.05
704,130,3,2023-03-04,45.59,227.95
705,159,9,2024-06-27,136.88,684.4
706,295,4,2024-08-29,139.65,698.25
707,284,12,2024-08-05,153.9,769.5
708,20,2,2024-06-05,127.11,635.55
709,220,14,2024-09-10,126.68,633.4
710,199,1,2023-04-06,149.49,747.45
711,223,12,2024-01-19,47.13,235.65
712,223,8,2023-10-27,166.85,834.25
713,23,12,2024-02-11,132.55,662.75
714,157,6,2023-07-02,147.25,736.25
715,52,2,2023-07-18,75.55,377.75
716,214,13,2023-11-11,55.03,275.15
717,287,11,2024-06-18,27.75,138.75
718,237,10,2023-08-10,158.43,792.15
719,101,4,2024-11-16,121.27,606.35
720,53,9,2024-10-30,130.46,652.3
721,188,12,2024-11-01,151.9,759.5
722,148,13,2024-02-23,109.77,548.85
723,59,3,2023-07-11,53.73,268.65
724,98,14,2024-02-12,143.99,719.95
725,110,4,2023-02-04,147.15,735.75
726,227,3,2023-01-05,99.22,496.1
727,244,5,2023-04-25,13.89,69.45
728,133,11,2023-01-13,67.11,335.55
729,20,14,2024-11-12,60.43,302.15
730,4,10,2023-08-30,50.05,250.25
731,23,7,2024-10-18,82.52,412.6
732,220,11,2023-03-03,104.18,520.9
733,244,12,2024-10-09,62.18,310.9
734,39,11,2024-09-28,80.16,400.8
735,235,10,2023-10-29,108.82,544.1
736,179,15,2023-03-02,12.6,63
737,22,9,2023-11-16,77.58,387.9
738,236,11,2024-09-03,45.02,225.1
739,255,6,2023-07-22,108.39,541.95
740,205,8,2023-09-02,129,645
741,36,10,2023-09-07,101.24,506.2
742,253,13,2023-06-08,114.06,570.3
743,146,1,2023-12-12,147.91,739.55
744,24,1,2024-08-31,159.79,798.95
745,60,9,2023-03-21,101.88,509.4
746,21,15,2024-11-21,83.11,415.55
747,141,3,2024-06-03,152.7,763.5
748,254,6,2023-07-11,120.06,600.3
749,30,11,2024-05-14,61.38,306.9
750,108,6,2023-12-15,57.57,287.85
751,271,3,2023-01-11,97.87,489.35
752,2,14,2023-10-01,23.81,119.05
753,104,1,2023-09-13,84.49,422.45
754,179,4,2023-05-31,12.92,64.6
755,257,11,2024-04-13,101.53,507.65
756,155,13,2023-01-11,152.59,762.95
757,100,10,2024-10-30,13.46,67.3
758,261,13,2024-06-27,5.25,26.25
759,153,8,2024-07-19,159.13,795.65
760,3,1,2023-06-04,179.99,899.95
761,44,14,2023-01-28,43.93,219.65
762,36,2,2023-11-26,51.71,258.55
763,217,7,2023-07-15,77.05,385.25
764,202,3,2023-03-25,60.44,302.2
765,235,13,2024-08-06,43.08,215.4
766,240,7,2024-05-14,15.25,76.25
767,136,5,2023-10-02,107.14,535.7
768,114,10,2024-04-17,136.48,682.4
769,139,13,2023-01-17,43.75,218.75
770,208,1,2023-01-31,100.93,504.65
771,170,12,2024-02-18,148,740
772,98,7,2023-06-16,72.85,364.25
773,99,6,2023-11-22,158.72,793.6
774,273,1,2023-01-24,135.39,676.95
775,228,11,2023-06-15,5.17,25.85
776,108,7,2024-05-22,46.33,231.65
777,87,11,2024-03-14,21.72,108.6
778,152,10,2024-09-15,174.8,874
779,215,15,2023-03-15,87.35,436.75
780,145,6,2023-02-27,152.84,764.2
781,146,6,2024-09-26,100.58,502.9
782,131,13,2024-08-26,146,730
783,179,9,2024-03-01,136.52,682.6
784,217,8,2023-02-24,54.48,272.4
785,174,7,2024-02-07,80.71,403.55
786,158,10,2024-02-29,45.11,225.55
787,294,6,2023-05-18,100.48,502.4
788,43,12,2024-05-04,112.96,564.8
789,107,3,2023-08-06,145.34,726.7
790,62,12,2023-10-16,22.74,113.7
791,122,11,2023-04-12,51.8,259
792,280,6,2024-11-29,77.81,389.05
793,121,2,2024-08-12,153.39,766.95
794,102,12,2023-09-10,165.41,827.05
795,290,7,2024-10-22,170.54,852.7
796,70,9,2024-09-05,97.36,486.8
797,116,10,2024-10-19,61.04,305.2
798,69,8,2024-06-03,17.51,87.55
799,165,13,2024-08-21,6.32,31.6
800,16,10,2024-11-20,111.5,557.5
801,146,1,2023-10-16,89,445
802,62,7,2023-08-10,85.42,427.1
803,21,8,2024-07-23,11.81,59.05
804,218,11,2023-12-01,25.84,129.2
805,76,1,2023-09-21,94.24,471.2
806,200,11,2024-01-10,153.12,765.6
807,147,1,2024-02-19,133.63,668.15
808,283,6,2023-10-17,115.92,579.6
809,88,14,2024-07-23,92.48,462.4
810,226,5,2023-12-01,43.83,219.15
811,41,7,2024-01-22,177.14,885.7
812,230,8,2023-01-06,74.4,372
813,202,8,2023-05-20,166.25,831.25
814,255,13,2024-11-25,142.84,714.2
815,66,1,2024-11-06,49.14,245.7
816,74,14,2024-02-03,108.27,541.35
817,166,11,2024-05-07,92.2,461
818,7,1,2023-04-02,168.77,843.85
819,280,13,2023-10-31,99.71,498.55
820,136,11,2024-07-31,157.35,786.75
821,233,4,2024-02-14,158.77,793.85
822,58,2,2024-11-29,99.42,497.1
823,268,1,2023-04-14,136.9,684.5
824,162,11,2023-09-02,34.16,170.8
825,180,2,2023-10-14,155.97,779.85
826,195,8,2024-12-25,33.67,168.35
827,155,1,2023-03-02,26.03,130.15
828,147,4,2024-08-14,33.26,166.3
829,234,14,2023-09-07,87.61,438.05
830,222,12,2023-04-25,77.03,385.15
831,210,9,2023-07-16,65.64,328.2
832,259,1,2024-04-22,131.22,656.1
833,172,14,2023-09-15,126.93,634.65
834,26,2,2023-04-07,14.95,74.75
835,15,15,2024-09-19,179.18,895.9
836,249,7,2023-12-24,154.44,772.2
837,116,5,2023-01-06,70.13,350.65
838,156,9,2023-04-23,30.79,153.95
839,291,13,2024-10-07,163,815
840,236,7,2023-01-26,116.3,581.5
841,18,4,2024-07-10,142.21,711.05
842,81,11,2023-07-26,45.94,229.7
843,274,5,2023-12-18,13.81,69.05
844,142,7,2023-01-21,23.36,116.8
845,169,3,2023-12-23,135.38,676.9
846,139,9,2023-03-12,97.3,486.5
847,165,3,2023-05-18,107.12,535.6
848,58,2,2023-06-06,44.18,220.9
849,289,13,2023-08-06,153.48,767.4
850,35,1,2023-01-11,8.21,41.05
851,52,3,2023-04-11,103.49,517.45
852,264,13,2024-04-19,31.5,157.5
853,217,3,2024-10-08,90.47,452.35
854,194,15,2023-06-10,85.95,429.75
855,53,9,2024-02-07,75.24,376.2
856,111,3,2023-05-10,61.2,306
857,151,2,2024-06-25,48.86,244.3
858,160,15,2023-09-28,49.6,248
859,57,8,2024-02-07,37.28,186.4
860,288,7,2024-07-04,97.38,486.9
861,296,12,2023-03-20,15.59,77.95
862,153,14,2024-10-17,38.74,193.7
863,171,12,2024-09-30,66.51,332.55
864,30,4,2023-08-27,54.59,272.95
865,183,6,2024-01-04,27.57,137.85
866,299,12,2024-03-10,105.54,527.7
867,100,2,2023-12-04,117.96,589.8
868,112,1,2024-11-18,29.14,145.7
869,206,9,2023-07-01,51.39,256.95
870,67,7,2024-03-03,145.53,727.65
871,104,8,2023-07-19,106.48,532.4
872,112,9,2023-10-03,172.19,860.95
873,65,4,2024-01-27,156.51,782.55
874,22,4,2023-08-10,101.2,506
875,261,2,2024-01-26,125.5,627.5
876,245,12,2023-08-25,73.36,366.8
877,117,6,2023-04-06,47.29,236.45
878,70,2,2023-11-06,156.58,782.9
879,45,9,2024-04-16,101.97,509.85
880,226,1,2023-07-03,154.62,773.1
881,275,6,2024-06-07,110.98,554.9
882,85,7,2023-02-25,42.36,211.8
883,2,6,2023-01-21,121.52,607.6
884,299,7,2023-06-06,120.45,602.25
885,269,10,2023-12-10,131.66,658.3
886,10,3,2023-08-01,170.33,851.65
887,241,6,2023-10-02,172.61,863.05
888,31,9,2023-09-29,24.43,122.15
889,78,12,2024-07-16,38.73,193.65
890,227,12,2023-01-19,166.95,834.75
891,48,14,2023-05-22,76.97,384.85
892,127,7,2024-03-17,79.42,397.1
893,276,15,2024-09-19,68.46,342.3
894,129,9,2023-10-24,171.54,857.7
895,167,5,2023-08-19,22.06,110.3
896,120,10,2024-03-31,50.84,254.2
897,226,11,2023-08-15,174.27,871.35
898,85,15,2023-10-05,75.95,379.75
899,253,9,2023-10-14,95.18,475.9
900,122,11,2023-03-15,23.74,118.7
901,194,14,2024-01-05,41.7,208.5
902,134,3,2023-03-23,25.47,127.35
903,172,4,2024-10-07,54.83,274.15
904,289,3,2024-01-20,145.05,725.25
905,293,1,2024-11-04,27.12,135.6
906,20,9,2024-06-21,107.07,535.35
907,88,2,2023-01-06,139.7,698.5
908,245,1,2024-11-17,93.97,469.85
909,76,6,2024-03-15,134.12,670.6
910,249,11,2024-10-24,70.63,353.15
911,15,11,2024-02-03,173.72,868.6
912,187,9,2024-03-19,84.55,422.75
913,228,7,2023-03-02,84.46,422.3
914,231,3,2024-01-14,30.16,150.8
915,145,10,2024-11-19,30.5,152.5
916,130,9,2024-10-26,42.63,213.15
917,40,9,2024-08-17,140.8,704
918,156,11,2023-11-10,103.4,517
919,3,12,2023-08-14,46.4,232
920,251,10,2023-05-17,148.12,740.6
921,189,6,2024-12-20,31.36,156.8
922,55,9,2024-04-22,145.14,725.7
923,160,4,2023-04-26,136.35,681.75
924,19,9,2024-07-12,128.2,641
925,75,7,2023-08-29,47.17,235.85
926,258,10,2023-08-21,94.79,473.95
927,71,9,2023-12-02,155.32,776.6
928,295,7,2023-02-16,22.68,113.4
929,131,10,2024-10-03,117.17,585.85
930,211,5,2023-02-06,63.06,315.3
931,179,8,2023-01-02,149.14,745.7
932,165,15,2024-01-07,93.81,469.05
933,179,1,2024-11-29,6.8,34
934,164,5,2024-08-26,43.79,218.95
935,265,10,2023-05-04,172.5,862.5
936,92,12,2024-01-23,21.02,105.1
937,122,14,2023-01-17,81.08,405.4
938,256,13,2024-12-05,118.05,590.25
939,175,6,2023-06-13,60.17,300.85
940,169,5,2023-11-18,5.41,27.05
941,135,15,2023-12-24,7.35,36.75
942,192,9,2023-01-20,163.48,817.4
943,293,14,2023-03-10,81.34,406.7
944,252,7,2024-04-05,158.73,793.65
945,298,10,2024-01-27,100.44,502.2
946,78,14,2024-11-28,12.38,61.9
947,234,9,2024-10-24,165.73,828.65
948,99,15,2024-05-27,138.67,693.35
949,156,1,2024-02-26,86.44,432.2
950,267,7,2024-09-15,112.16,560.8
951,186,4,2023-11-16,37.54,187.7
952,99,13,2024-03-08,84.12,420.6
953,34,14,2023-06-07,45.74,228.7
954,273,8,2024-07-18,43.84,219.2
955,228,9,2024-11-13,71.91,359.55
956,165,10,2023-04-10,20.32,101.6
957,266,13,2023-06-08,152.41,762.05
958,31,4,2024-02-09,138.23,691.15
959,88,9,2023-02-15,153.74,768.7
960,262,3,2023-12-10,66.7,333.5
961,31,4,2023-09-19,78.85,394.25
962,133,3,2024-08-06,29.64,148.2
963,37,9,2023-03-19,20.47,102.35
964,256,13,2024-09-14,113.03,565.15
965,126,5,2023-06-23,54.94,274.7
966,166,7,2024-11-01,15.05,75.25
967,277,15,2024-07-26,84.71,423.55
968,57,1,2023-07-01,84.14,420.7
969,38,5,2023-01-02,23.83,119.15
970,65,8,2023-04-13,16.13,80.65
971,203,2,2023-12-05,92.11,460.55
972,189,7,2023-03-12,59.17,295.85
973,276,1,2024-03-27,92.89,464.45
974,206,9,2024-11-25,98.79,493.95
975,224,13,2023-02-24,105.04,525.2
976,87,12,2024-11-17,40.66,203.3
977,133,12,2024-08-28,148.22,741.1
978,57,15,2023-06-20,153.55,767.75
979,262,14,2024-05-27,25.89,129.45
980,37,3,2023-08-05,35.12,175.6
981,126,11,2024-01-16,40.05,200.25
982,13,2,2024-06-01,27.75,138.75
983,236,13,2024-12-25,33.25,166.25
984,84,12,2024-04-14,153.22,766.1
985,254,5,2024-03-21,122.6,613
986,24,13,2023-10-31,63.96,319.8
987,85,4,2023-05-20,67.33,336.65
988,188,8,2024-06-03,67.22,336.1
989,223,10,2023-12-08,13.79,68.95
990,79,4,2023-10-06,65.47,327.35
991,251,13,2024-10-06,9.31,46.55
992,291,11,2023-11-04,179.86,899.3
993,196,4,2023-05-31,155.7,778.5
994,155,9,2023-04-06,11.12,55.6
995,33,15,2023-06-22,77.48,387.4
996,145,5,2024-04-24,94.49,472.45
997,10,15,2023-06-04,63.63,318.15
998,114,3,2024-12-30,107.41,537.05
999,281,2,2023-11-12,99.92,499.6
1000,260,12,2023-04-11,53.7,268.5
